Product/Service Name,Category,Sales Description,SKU,Sales Price,Tax on Sales,Income Account,Purchase Description,Purchase Cost,Tax on Purchases,Purchase Cost Includes Tax,Expense Account,Quantity On Hand,Low Stock Alert,Stock Asset Account,Quantity as-of Date,,,,,
ABB PVS-800:2 x 15V Mini Power Supply,ABB PVS800,240VAC / 2x15VDC Mini Power Supply,,Ł250.00,20.0% S,Sales of Product Income,,,,,,,,,,,,,,
ABB PVS-800:ABB Charging Resistor,ABB PVS800,CBHX 165 C 5R 414 Charging Resistor,64803689,Ł75.48,20.0% S,Sales of Product Income,,,,,,,,,,,"NOTE: Quantity on Hand is calculated at the time you export your Products and Services list. If you have Quantity on Hand adjustments dated in the future, the Quantity on Hand amount you exported may not match the Quantity on Hand displayed in the Products and Services list in QuickBooks Online.",,,
ABB PVS-800:ABB DC Module,ABB PVS800,DC Module for PVS-800-57,3AUA0000114471,"Ł10,000.00",20.0% S,Sales of Product Income,,,,,,,,,,,,,,
ABB PVS-800:ABB IGBT,ABB PVS800,ABB IGBT,ABB IGBT,"Ł2,500.00",20.0% S,Sales of Product Income,,,,,,,,,,,,,,
ABB PVS-800:ABB Module Inspection,ABB PVS800,Inspection of ABB PVS800-57 module,,Ł250.00,20.0% S,Services,,,,,,,,,,,,,,
ABB PVS-800:ABB PVS-800 Main Switch,ABB PVS800,ABB PVS-800 Main Switch,,"Ł4,000.00",20.0% S,Sales of Product Income,,,,,,,,,,,,,,
ABB PVS-800:ABB PVS800 Cabinet Door Air Filters,ABB PVS800,Cabinet Door Air Filters,,Ł200.00,20.0% S,Sales of Product Income,,,,,,,,,,,,,,
ABB PVS-800:ABB PVS800 LCL Filter,ABB PVS800,ABB PVS800 LCL Filter,,"Ł2,000.00",20.0% S,Sales of Product Income,,,,,,,,,,,,,,
ABB PVS-800:ABB R8i Module,ABB PVS800,R8i Module,,"Ł20,000.00",20.0% S,Sales of Product Income,,,,,,,,,,,,,,
ABB PVS-800:ACS800-104-XXXX-3/5/7; FLAT CABLE,ABB PVS800,ACS800-104-XXXX-3/5/7; FLAT CABLE,,Ł109.50,20.0% S,Sales of Product Income,,,,,,,,,,,,,,
ABB PVS-800:AFIN-02C,ABB PVS800,AFIN-02C Motor Control Board,3AXD50000038423,"Ł1,000.00",20.0% S,Sales of Product Income,,,,,,,,,,,,,,
ABB PVS-800:AFPS-11,ABB PVS800,AFPS-11 PCB,,"Ł1,000.00",20.0% S,Sales of Product Income,,,,,,,,,,,,,,
ABB PVS-800:AINT-14C,ABB PVS800,MC Interface Board,68685826,"Ł1,021.88",20.0% S,Sales of Product Income,,,,,,,,,,,,,,
ABB PVS-800:APOW-01C,ABB PVS800,Power Supply Board APOW-01C,64605666,Ł585.37,20.0% S,Sales of Product Income,,,,,,,,,,,,,,
ABB PVS-800:Cabinet Fan,ABB PVS800,Single cabinet fan for PVS-800,,Ł200.00,20.0% S,Sales of Product Income,,,,,,,,,,,,,,
ABB PVS-800:Cooling fan of LCL-filter unit,ABB PVS800,Cooling fan of LCL-filter unit,64650424,"Ł1,650.00",20.0% S,Sales of Product Income,,,,,,,,,,,,,,
ABB PVS-800:DC Measurement Board,ABB PVS800,DC Measurement Board,A21,Ł600.00,20.0% S,Sales of Product Income,,,,,,,,,,,,,,
ABB PVS-800:Main cooling fan inverter unit PVS800,ABB PVS800,Main cooling fan inverter unit,,Ł495.00,20.0% S,Sales of Product Income,,,,,,,,,,,,,,
ABB PVS-800:Memory backup-battery in the Data Logger Unit,ABB PVS800,BR2032 Battery,,Ł3.00,20.0% S,Sales of Product Income,,,,,,,,,,,,,,
ABB PVS-800:Murr Elecktronik 24V Power Supply,ABB PVS800,Murr Elecktronik 24V Power Supply,,Ł250.00,20.0% S,Sales of Product Income,,,,,,,,,,,,,,
ABB PVS-800:Premium Drive Repair,ABB PVS800,"Premium Drive Repair, including strip & clean, removal of IGBTs, renew thermal paste & replace IGBTs",,Ł550.00,20.0% S,Services,,,,,,,,,,,,,,
ABB PVS-800:PVS-800 Capacitor,ABB PVS800,Single Capacitor,,Ł750.00,20.0% S,Sales of Product Income,,,,,,,,,,,,,,
ABB PVS-800:RDCU-12C Control Unit,ABB PVS800,RDCU-12C Control Unit,3AUA0000036521,Ł800.00,20.0% S,Sales of Product Income,,,,,,,,,,,,,,
ABB PVS-800:RDIO-01,ABB PVS800,Digital I/O Extension,64379216,Ł100.00,20.0% S,Sales of Product Income,,,,,,,,,,,,,,
ALoMCP:Change of ALoMCP Settings - On-site,Services,Changing of the required settings to the upgraded ALoMCP requirements ON-SITE per site,,"Ł1,000.00",20.0% S,Services,,,,,,,,,,,,,,
ALoMCP:Change of ALoMCP Settings - Remote,Services,Changing of the required settings to the upgraded ALoMCP requirements REMOTELY per site,,Ł600.00,20.0% S,Services,,,,,,,,,,,,,,
Circuit Breakers:250 NSX and Micrologic 2.2,Circuit Breakers,250 NSX with a micrologic 2.2,,"Ł1,000.00",20.0% S,Services,,,,,Purchases-1,,,,,,,,,
Circuit Breakers:ABB 3 Pole MCCB,Circuit Breakers,ABB MCCB,,"Ł5,700.00",,Sales of Product Income,,,,,,,,,,,,,,
Circuit Breakers:Compact NS 2500 N,Circuit Breakers,Compact NS 2500 N,Compact NS 2500 N,"Ł11,495.00",20.0% S,Services,,,,,,,,,,,,,,
Circuit Breakers:Masterpact Interlock Mechanism,Circuit Breakers,Masterpact Interlock Mechanism,Masterpact Interlock Mechanism,Ł150.00,20.0% S,Sales of Product Income,,,,,Cost of sales,5,,Stock Asset,06/01/2026,,,,,
Circuit Breakers:Masterpact Interlock System,Circuit Breakers,Masterpact Interlock Mechanism,,Ł795.00,20.0% S,Sales of Product Income,,,,,,,,,,,,,,
Circuit Breakers:Masterpact NW40 H1 3-pole,Circuit Breakers,Schneider Masterpact NW40 H1 3-pole,NW40 H1 3-pole,"Ł14,995.00",20.0% S,Sales of Product Income,,,,,,,,,,,,,,
Circuit Breakers:Masterpact overhaul,Circuit Breakers,Masterpact overhaul,Masterpact overhaul,Ł350.00,20.0% S,Services,,,,,,,,,,,,,,
Circuit Breakers:Schneider Masterpact NW32 H2 4-pole,Circuit Breakers,Schneider Masterpact NW32 H2 4-pole,NW32 H2,"Ł12,000.00",20.0% S,Sales of Product Income,,,,,,,,,,,,,,
Circuit Breakers:Schneider NSX250F Circuit Breaker,Circuit Breakers,Schneider NSX250F Circuit Breaker,,Ł600.00,20.0% S,Sales of Product Income,,,,,,,,,,,,,,
Circuit Breakers:Schneider NT16 H2 AC Circuit Breaker,Circuit Breakers,Schneider NT16 H2 AC Circuit Breaker (3P+N),,"Ł4,000.00",20.0% S,Sales of Product Income,,,,,,,,,,,,,,
Discount Training,Training,Discount for multiple course bookings,,-Ł250.00,20.0% S,Services,,,,,,,,,,,,,,
Electrical Items:2.5mm T&E Cable (100m),Electrical,Prysmian 6242Y Grey 2.5mm˛ Twin & Earth Cable (100m drum),,Ł90.00,20.0% S,Sales of Product Income,,,,,,,,,,,,,,
Electrical Items:200-250v UVR coil,Electrical,200-250v UVR coil,200-250v UVR coil,Ł400.00,20.0% S,Services,,,,,,,,,,,,,,
Electrical Items:DC safety cover replacement,Electrical,DC safety cover replacement,DC safety cover replacement,Ł400.00,20.0% S,Services,,,,,,,,,,,,,,
Electrical Items:Dimplex 2kW PLXE Panel Heater,Electrical,"Dimplex 2kW PLXE Panel Heater
(H)430 mm x (W)860 mm x (D)108 mm",PLX200E,Ł190.00,20.0% S,Sales of Product Income,,,,,,,,,,,,,,
Electrical Items:Filter rust treatment,Electrical,Filter rust treatment,Filter rust treatment,Ł400.00,20.0% S,Services,,,,,,,,,,,,,,
Electrical Items:Hyundai CB retro fit with Schneider Compact NS CB,Electrical,Schneider Compact NS1600,Schneider Compact NS1600,"Ł7,698.00",20.0% S,Purchases-1,,,,,,,,,,,,,,
Electrical Items:LCL Line filter,Electrical,LCL Line filter,LCL Line filter,"Ł1,000.00",20.0% S,Services,,,,,,,,,,,,,,
Electrical Items:LV Panel maintenance,Electrical,Maintenance and testing of LV panels and associated equipment along with protection relay test sheets and microohm meter report.,Maintenance and testing of LV panels,"Ł7,150.00",20.0% S,Services,,,,,,,,,,,,,,
Electrical Items:Masterpact NW32H1,Circuit Breakers,Masterpact NW32H1,Masterpact NW32H1,"Ł17,000.00",20.0% S,Services,,,,,,,,,,,,,,
Electrical Items:Micrologic 6.0E,Circuit Breakers,Installation and commissioning of new Micrologic 6.0E,Micrologic 6.0E,"Ł2,300.00",20.0% S,Sales of Product Income,,,,,Cost of sales,2,,Stock Asset,06/01/2026,,,,,
Electrical Items:Micrologic 6.0E NW,Circuit Breakers,Micrologic 6.0e,Micrologic 6.0E,"Ł2,300.00",20.0% S,Services,,,,,,,,,,,,,,
Electrical Items:MT2 Trunking (sticky),Electrical,25mm x 16mm PVC Self Adhesive Mini Trunking White (3m Length),,Ł10.00,20.0% S,Sales of Product Income,,,,,,,,,,,,,,
Electrical Items:NS Compact circuit breaker 1000H,Circuit Breakers,NS Compact circuit breaker 1000H,NS Compact circuit breaker 1000H,"Ł3,995.00",20.0% S,Services,,,,,,,,,,,,,,
Electrical Items:Parts to repair AC section on an XC inverter,Schneider Conext Core XC,Parts to repair AC section on an XC inverter,Parts to repair AC section on a XC inverter,"Ł6,204.00",20.0% S,Services,,,,,,,,,,,,,,
Electrical Items:Power stage fan bearing replacement,Schneider Conext Core XC,Power stage fan bearing replacement,Power stage fan bearing replacement,Ł650.00,20.0% S,Services,,,,,,,,,,,,,,
Electrical Items:Pumping system,Electrical,Pump Installation,,"Ł2,500.00",20.0% S,Services,,,,,,,,,,,,,,
Electrical Items:Schneider 10A MCB (single phase),Electrical,Schneider Acti9 10A Single Pole 10kA B Curve MCB,,Ł18.00,20.0% S,Sales of Product Income,,,,,,,,,,,,,,
Electrical Items:Schneider 16A MCB (single phase),Electrical,Schneider Acti9 16A Single Pole 10kA B Curve MCB,,Ł18.00,20.0% S,Sales of Product Income,,,,,,,,,,,,,,
Electrical Items:Schneider CL25 Inverter,Electrical,Schneider CL25 Inverter,,Ł700.00,20.0% S,Sales of Product Income,,,,,,,,,,,,,,
Electrical Items:Siemens fan replacement,Electrical,,,"Ł8,200.00",20.0% S,Services,,,,,,,,,,,,,,
Electrical Items:Single Surface Pattress Box,Electrical,Single Surface Pattress Box,,Ł5.00,20.0% S,Sales of Product Income,,,,,,,,,,,,,,
Electrical Items:Single Switched 13A Fused Spur,Electrical,13A. Double pole fused connection unit with flex outlet. BS 1363 Part 4: 1995.,,Ł10.00,20.0% S,Sales of Product Income,,,,,,,,,,,,,,
Electrical Items:Tinned Busbar,Electrical,50 x 20 Tinned Busbar,50 x 20 Tinned Busbar,Ł850.00,20.0% S,Sales of Product Income,,,,,,,,,,,,,,
Electrical Testing:EIC Report,Services,Electrical Inspection Certificate,,Ł50.00,20.0% S,Services,,,,,,,,,,,,,,
Electrical Testing:EICR Test Report,Services,Complete EICR report,,Ł160.00,20.0% S,Services,,,,,,,,,,,,,,
Electrical Testing:LV Maintenance,Services,LV Maintenance,LV Maintenance,"Ł6,000.00",20.0% S,Services,,,,,,,,,,,,,,
Electrical Testing:Micrologic testing,Services,Micrologic testing,Micrologic testing,Ł800.00,20.0% S,Services,,,,,,,,,,,,,,
Expenses for Miscellaneous items:Customs Fee,Miscellaneous,Customs charges applied to items,,"Ł1,685.00",20.0% S,Services,,,,,,,,,,,,,,
Expenses for Miscellaneous items:Hotels and food,Site Visit,Hotel and Food,expenses,"Ł2,000.00",20.0% S,Services,,,,,,,,,,,,,,
Expenses for Miscellaneous items:Miscellaneous,Miscellaneous,Expenses for Miscellaneous items,Miscellaneous Items,Ł150.00,20.0% S,Services,,,,,,,,,,,,,,
Fire Safety:2kg CO2 Fire Extinguisher,Miscellaneous,Provision of a 2kg CO2 Fire Extinguisher,,Ł85.00,20.0% S,Sales of Product Income,,,,,,,,,,,,,,
Fire Safety:5kg CO2 Fire Extinguisher,Miscellaneous,Provision of a 5kg CO2 Fire Extinguisher,,Ł120.00,20.0% S,Sales of Product Income,,,,,,,,,,,,,,
Fire Safety:Fire Extinguisher Disposal,Miscellaneous,The removal and disposal of a single fire extinguisher,,Ł15.00,20.0% S,Services,,,,,,,,,,,,,,
Fire Safety:Fire Extinguisher Stand,Miscellaneous,A fire extinguisher stand for a single fire extinguisher.,,Ł45.00,20.0% S,Sales of Product Income,,,,,,,,,,,,,,
Fire Safety:Service of a fire extinguisher,Miscellaneous,The service or commission of a single fire extinguisher.,,Ł15.00,20.0% S,Services,,,,,,,,,,,,,,
Firmware:Hummels AST Firmware Update,SMA SC-xxxCP-10,Update of firmware on AST and DSTM,,Ł250.00,20.0% S,Services,,,,,,,,,,,,,,
Firmware:SMA SC-xxxCP-10 SC-COM Firmware Update,SMA SC-xxxCP-10,Update of SC-COM firmware to a newer version.,,Ł150.00,20.0% S,Services,,,,,,,,,,,,,,
Firmware:SMA SC-xxxCP-10 SC20CONT Firmware Update,SMA SC-xxxCP-10,Update of SC20CONT firmware to a newer version.,,Ł250.00,20.0% S,Services,,,,,,,,,,,,,,
Firmware:Sunny Portal Upgrade,SMA SC-xxxCP-10,Sunny Portal Upgrade,,"Ł1,983.33",0.0% Z,Sales,,,,,,,,,,,,,,
fuse 5A 10x85mm gPV,SMA SC-xxxx,fuse 5A 10x85mm gPV,116301-00.01,Ł8.52,20.0% S,Services,,,,,,,,,,,,,,
Gamesa 630kW TL Plus:AC CTs,Gamesa 630kW TL+,Set of AC CTs for installation on the busbars of each AC Contactor (3 No.),,"Ł1,000.00",20.0% S,Sales of Product Income,,,,,,,,,,,,,,
Gamesa 630kW TL Plus:Gamesa IGBT,Gamesa 630kW TL+,Single unit IGBT for Gamesa central inverters,,Ł650.00,20.0% S,Sales of Product Income,,,,,,,,,,,,,,
Haulage,Miscellaneous,Haulage and Lifting services on site,,"Ł2,000.00",20.0% S,Services,,,,,,,,,,,,,,
Hours,Services,,,,,Services,,,,,,,,,,,,,,
Installation Inspection Report,Services,Installation Inspection report - Two x MVPS Stations,,Ł500.00,20.0% S,Services,,,,,,,,,,,,,,
IPC Installation:IPC Installation in a station with 1 inverter,Services,Installation of an IPC system within a Schneider station with 2 x Schneider Conext Core XC,,Ł650.00,20.0% S,Sales of Product Income,,,,,,,,,,,,,,
IPC Installation:IPC Installation in a station with 2 inverters,Services,Installation of an IPC system within a Schneider station with 2 x Schneider Conext Core XC,,Ł850.00,20.0% S,Sales of Product Income,,,,,,,,,,,,,,
IPC Installation:IPC Installation in a station with 3 inverters,Services,Installation of an IPC system within a Schneider station with 3 x Schneider Conext Core XC,,"Ł1,100.00",20.0% S,Sales of Product Income,,,,,,,,,,,,,,
IPC Installation:IPC Installation in a station with 4 inverters,Services,Installation of an IPC system within a Schneider station with 4 x Schneider Conext Core XC,,"Ł1,315.00",20.0% S,Sales of Product Income,,,,,,,,,,,,,,
Maintenance:ABB Central Inverter Annual Maintenance,ABB PVS800,Inverter annual PM completed on inverter including report.,,Ł400.00,20.0% S,Services,,,,,,,,,,,,,,
Maintenance:ABB PVS800 Annual Maintenance,ABB PVS800,Inverter annual PM completed on inverter including report,,Ł300.00,20.0% S,Services,,,,,,,,,,,,,,
Maintenance:ACB Maintenance,Circuit Breakers,LV ACB Maintenance,,Ł500.00,20.0% S,Services,,,,,,,,,,,,,,
Maintenance:Complete Site Maintenance,Site Visit,Price for maintenance across site,,"Ł3,500.00",20.0% S,Services,,,,,,,,,,,,,,
Maintenance:Gamesa 630kW-TL Plus Annual Maintenance,Gamesa 630kW TL+,Inverter annual PM completed on inverter including report.,,Ł300.00,20.0% S,Services,,,,,,,,,,,,,,
Maintenance:Installation Fee,Services,Installation Fee for replacing components,,Ł25.00,20.0% S,Services,,,,,,,,,,,,,,
Maintenance:Masterpact Circuit Breaker Maintenance,Circuit Breakers,Masterpact Maintenance for Schneider XC inverters,Masterpact,Ł300.00,20.0% S,Services,,,,,,,,,,,,,,
Maintenance:Masterpact Maintenance LS,Circuit Breakers,Masterpact Maintenance,Masterpact,Ł350.00,20.0% S,Services,,,,,,,,,,,,,,
Maintenance:SCB Annual Maintenance,SCBs,Maintenance of an individual String Combiner Box,,Ł75.00,20.0% S,Services,,,,,,,,,,,,,,
Maintenance:SCB Oxidisation Works - SMA Combiner Box,SCBs,Oxidisation rectification work completed on a single String Combiner Box.,,Ł100.00,20.0% S,Services,,,,,,,,,,,,,,
Maintenance:Schneider Conext Core XC 5-year Annual Maintenance,Schneider Conext Core XC,5-year Inverter annual PM completed on inverter including report.,,Ł300.00,20.0% S,Services,,,,,,,,,,,,,,
Maintenance:Schneider Conext Core XC Annual Maintenance,Schneider Conext Core XC,Inverter annual PM completed on inverter including report.,,Ł300.00,20.0% S,Services,,,,,,,,,,,,,,
Maintenance:Schneider Conext Core XC Inverter Inspection,Schneider Conext Core XC,General Health inspection for the Schneider Conext Core XC inverter,,Ł150.00,20.0% S,Services,,,,,,,,,,,,,,
Maintenance:Schneider Xantrex GT Annual Maintenance,Schneider Xantrex GT,Inverter annual PM completed on inverter including report.,,Ł300.00,20.0% S,Services,,,,,,,,,,,,,,
Maintenance:Service & Maintenance Contract,Services,Monthly payment for service and maintenance contract,,"Ł4,000.00",20.0% S,Services,,,,,,,,,,,,,,
Maintenance:Service Contract per inverter,Services,Service Contract per inverter,,"Ł15,000.00",20.0% S,Services,,,,,,,,,,,,,,
Maintenance:SMA SC-xxxCP-10 Annual Maintenance,SMA SC-xxxCP-10,Inverter annual PM completed on inverter including report.,,Ł250.00,20.0% S,Services,,,,,,,,,,,,,,
Maintenance:SMA SC-xxxx Annual Maintenance,SMA SC-xxxx,Inverter annual PM completed on inverter including report.,,Ł250.00,20.0% S,Services,,,,,,,,,,,,,,
Maintenance:SMA SSM Annual Maintenance,SCBs,Maintenance of an individual SMA Combiner Box (SSM),,Ł75.00,20.0% S,Services,,,,,,,,,,,,,,
Maintenance:Thermal Surveys - Central Inverter,Services,Thermal survey of a central inverter,,Ł150.00,20.0% S,Services,,,,,,,,,,,,,,
Maintenance:TX oil replacement across site,Services,TX oil replacement across site,,"Ł30,000.00",20.0% S,Services,,,,,,,,,,,,,,
Manufacturing:manufacturing,Services,Manufacturing Bus Bar,Manufacturing Bus Bar,Ł750.00,20.0% S,Services,,,,,,,,,,,,,,
Miscellaneous:Aux Supply to Station,Electrical,,,"Ł1,495.00",20.0% S,Services,,,,,,,,,,,,,,
Miscellaneous:Cabling,Electrical,Various size cabling,,Ł100.00,20.0% S,Services,,,,,,,,,,,,,,
Miscellaneous:Capacitor Bank Cleanse,Schneider Conext Core XC,Cleanse and replace washers/nuts on capacitor bank,,Ł200.00,20.0% S,Services,,,,,,,,,,,,,,
Miscellaneous:Copper work bench hire,Miscellaneous,Copper work bench hire,,Ł400.00,20.0% S,Billable Expense Income,,,,,,,,,,,,,,
Miscellaneous:Delivery,Miscellaneous,Delivery of equipment,,Ł300.00,20.0% S,Services,,,,,,,,,,,,,,
Miscellaneous:Installation of 2kW Heater within Schneider Inverter Station,Electrical,Complete installation of a 2kW with a switched fused spur. All testing to be included.,,Ł320.00,20.0% S,Sales of Product Income,,,,,,,,,,,,,,
Miscellaneous:Lifting Equipment,Miscellaneous,Lifting Equipment for heavy duty tasks,,Ł250.00,20.0% S,Sales of Product Income,,,,,,,,,,,,,,
Miscellaneous:Miscellaneous Materials,Miscellaneous,Materials purchased for site work,,Ł50.00,20.0% S,Services,,,,,,,,,,,,,,
Miscellaneous:Panel Trunking,Electrical,Panel Trunking for Commercial Installations,,Ł100.00,20.0% S,Sales of Product Income,,,,,Purchases-1,,,,,,,,,
Miscellaneous:Schneider Door Vent Filters,Schneider Conext Core XC,Specialist filters for door filters of the Schneider Conext Core XC inverters,,Ł75.00,20.0% S,Sales of Product Income,,,,,,,,,,,,,,
Miscellaneous:Shipping,Miscellaneous,Shipping of Items,,Ł50.00,20.0% S,Services,,,,,,,,,,,,,,
Miscellaneous:Silica Gel Packs,Miscellaneous,Silica gel packs for reducing moisture within compartments.,,Ł30.00,20.0% S,Sales of Product Income,,,,,,,,,,,,,,
Miscellaneous:SMA PUK Code,SMA SC-xxxCP-10,PUK Code to unlock SMA String inverters,,Ł20.00,20.0% S,Services,,,,,,,,,,,,,,
Miscellaneous:Specialised copper bench hire,Miscellaneous,Copper workbench hire,Copper workbench hire,Ł400.00,,Services,,,,,,,,,,,,,,
Parts:10-Year Annual Maintenance Including Parts,Schneider Conext Core XC,"Black Fans
K1 Contactor
Fan Caps
48V Power Supplies
24V Power Supplies
Annual PM (Labour)",10YAMPL,"Ł1,550.00",20.0% S,Sales of Product Income,,,,,Cost of sales,30,,Stock Asset,06/01/2026,,,,,
Parts:CMX Communication Board,Schneider Conext Core XC,Communication Board,,Ł400.00,20.0% S,Sales of Product Income,,,,,Cost of sales,2,,Stock Asset,06/01/2026,,,,,
Parts:New retention kit,Schneider Conext Core XC,Masterpact retention kit,,Ł100.00,20.0% S,Services,,,,,,,,,,,,,,
Parts:Pre Authorised Spend,Miscellaneous,Pre Authorised Spend - Parts Potentially Required,,"Ł2,000.00",20.0% S,Services,,,,,,,,,,,,,,
Parts:Use Of Micellaneous Parts,Miscellaneous,,,,20.0% S,Stock Asset,,,,,,,,,,,,,,
Retrofit Filter Preventative Solution,Schneider Conext Core XC,Retrofit filter per inverter to capture ingress of Moisture and Debry,,Ł500.00,20.0% S,Services,,,,,,,,,,,,,,
Schneider Conext Core XC:24V Power Supply,Schneider Conext Core XC,24V Power Supply,0J-921-0015,Ł250.00,20.0% S,Sales,,,,,,,,,,,,,,
Schneider Conext Core XC:24VDC Control Relay Contact,Schneider Conext Core XC,24VDC Control Relay Contact,,Ł65.00,20.0% S,Sales of Product Income,,,,,,,,,,,,,,
Schneider Conext Core XC:4-pole DC Breaker,Schneider Conext Core XC,ABB 4-pole DC Breaker,,"Ł1,980.00",20.0% S,Sales of Product Income,,,,,,,,,,,,,,
Schneider Conext Core XC:400W Heater,Schneider Conext Core XC,400W Heater installed within the inverter,0J-101-0500,Ł400.00,20.0% S,Sales,,,,,,,,,,,,,,
Schneider Conext Core XC:48V Capacitors,Schneider Conext Core XC,48V Capacitors,,Ł400.00,20.0% S,Sales,,,,,,,,,,,,,,
Schneider Conext Core XC:48V Power Supply,Schneider Conext Core XC,48V Power Supply,0J-921-0014,Ł300.00,20.0% S,Sales,,,,,,,,,,,,,,
Schneider Conext Core XC:48V Shunt Trip Coil,Schneider Conext Core XC,48V Shunt Trip Coil installed in the Schneider Masterpact Switches,,Ł450.00,20.0% S,Sales,,,,,,,,,,,,,,
Schneider Conext Core XC:48V UVR Coil,Schneider Conext Core XC,48V UVR Coil installed in the Schneider Masterpact Switches,,Ł525.00,20.0% S,Sales,,,,,,,,,,,,,,
Schneider Conext Core XC:A14 Board,Schneider Conext Core XC,A14 Board - Power Stage Area,0J-391-0051,Ł700.00,20.0% S,Sales,,,,,,,,,,,,,,
Schneider Conext Core XC:A15 Board,Schneider Conext Core XC,A15 Board - Power Stage Area,0J-391-0050,Ł700.00,20.0% S,Sales,,,,,,,,,,,,,,
Schneider Conext Core XC:AC / DC Fan,Schneider Conext Core XC,Fan installed in the AC or DC section,0J-490-0171,Ł625.00,20.0% S,Sales,,,,,,,,,,,,,,
Schneider Conext Core XC:AC Board Resistors,Schneider Conext Core XC,Resistors fitted behind the AC Board,0J-121-04R0,Ł200.00,20.0% S,Sales of Product Income,,,,,,,,,,,,,,
Schneider Conext Core XC:AC Fuse 1250A,Schneider Conext Core XC,AC Fuse 1250A,0J-515-9300,Ł300.00,20.0% S,Sales of Product Income,,,,,,,,,,,,,,
Schneider Conext Core XC:AC Masterpact Switch,Schneider Conext Core XC,AC Masterpact Switch,0J-530-2148,"Ł6,500.00",20.0% S,Sales,,,,,,,,,,,,,,
Schneider Conext Core XC:AC Schneider Masterpact Refurbishment,Schneider Conext Core XC,Test and complete refurbishment of a Schneider AC Masterpact Switch,,"Ł1,500.00",20.0% S,Services,,,,,,,,,,,,,,
Schneider Conext Core XC:AIC Fan Framework,Schneider Conext Core XC,Black framework for the AIC Power Stage Fans,,Ł250.00,20.0% S,Sales of Product Income,,,,,,,,,,,,,,
Schneider Conext Core XC:AIC Fan Housing,Schneider Conext Core XC,Replacement AIC Fan Housing,,Ł3.00,20.0% S,Sales of Product Income,,,,,,,,,,,,,,
Schneider Conext Core XC:AIC IGBT Driver Board,Schneider Conext Core XC,IGBT Driver Board,,"Ł2,000.00",20.0% S,Sales,,,,,,,,,,,,,,
Schneider Conext Core XC:AIC Power Stage Fan,Schneider Conext Core XC,AIC Power Stage Fan,0J-490-0175,"Ł3,495.00",20.0% S,Sales,,,,,,,,,,,,,,
Schneider Conext Core XC:Aux Time Delay Sensor,Schneider Conext Core XC,Telemecanique Time Delay Sensor,,Ł95.00,20.0% S,Sales of Product Income,,,,,,,,,,,,,,
Schneider Conext Core XC:Balancing Board,Schneider Conext Core XC,Balancing Board in Power Stage Area,0J-3D657481G001,"Ł1,200.00",20.0% S,Sales of Product Income,,,,,,,,,,,,,,
Schneider Conext Core XC:Bussmann 160A Fuse,Schneider Conext Core XC,FUSE 160A/500V GL/GG NH00,0J-515-9305-Z,Ł25.00,20.0% S,Sales of Product Income,,,,,,,,,,,,,,
Schneider Conext Core XC:Bussmann BVL 50 Microswitch for NH Fuses,Schneider Conext Core XC,Microswitch for NH fuses in AC cabinet,0J-540-0357,Ł50.00,20.0% S,Sales of Product Income,,,,,,,,,,,,,,
Schneider Conext Core XC:Control Block,Schneider Conext Core XC,Schneider XC Control Block,,Ł700.00,20.0% S,Sales of Product Income,,,,,,,,,,,,,,
Schneider Conext Core XC:DC CT,Schneider Conext Core XC,DC CT in the DC section,,"Ł1,500.00",20.0% S,Sales of Product Income,,,,,,,,,,,,,,
Schneider Conext Core XC:DC Masterpact Switch,Schneider Conext Core XC,DC Masterpact Switch,0J-530-2149,"Ł10,500.00",20.0% S,Sales,,,,,,,,,,,,,,
Schneider Conext Core XC:DC Safety Cage,Schneider Conext Core XC,DC Protective Cage installed in the DC section in front of the DC busbars.,,Ł600.00,20.0% S,Sales of Product Income,,,,,,,,,,,,,,
Schneider Conext Core XC:DC Safety Plastics,Schneider Conext Core XC,Plastic covers installed alongside the DC cage,,Ł50.00,20.0% S,Sales of Product Income,,,,,,,,,,,,,,
Schneider Conext Core XC:DC Schneider Masterpact Refurbishment,Schneider Conext Core XC,Test and complete refurbishment of a Schneider DC Masterpact Switch,,"Ł1,500.00",20.0% S,Services,,,,,,,,,,,,,,
Schneider Conext Core XC:Fan Capacitor,Schneider Conext Core XC,Fan capacitor for the AC and DC fan circuits.,0J-0783,Ł20.00,20.0% S,Sales of Product Income,,,,,,,,,,,,,,
Schneider Conext Core XC:Fan Card,Schneider Conext Core XC,Fan Card - controls the AIC fans in the power stage area,0J-3D657917G905,Ł750.00,20.0% S,Sales,,,,,,,,,,,,,,
Schneider Conext Core XC:Fan Refurbishment Programme (per inverter),Schneider Conext Core XC,Refurbishment of the 3 no. AIC stage fans,,Ł600.00,20.0% S,Services,,,,,,,,,,,,,,
Schneider Conext Core XC:Gate Driver Board Comms Cabling,Schneider Conext Core XC,Cabling to connect all Gate Driver Boards with the Measuring Board,,Ł350.00,20.0% S,Sales of Product Income,,,,,,,,,,,,,,
Schneider Conext Core XC:Gate Driver Board Inter-Comm Cabling,Schneider Conext Core XC,Short cable between each Gate Driver Board,,Ł100.00,20.0% S,Sales of Product Income,,,,,,,,,,,,,,
Schneider Conext Core XC:Gate Driver Sensor,Schneider Conext Core XC,Gate Driver Board Sensor,,Ł150.00,20.0% S,Sales of Product Income,,,,,,,,,,,,,,
Schneider Conext Core XC:GKP for Conext Core XC,Schneider Conext Core XC,Graphic Key Display,,Ł450.00,20.0% S,Sales of Product Income,,,,,,,,,,,,,,
Schneider Conext Core XC:Heater Control DC Section,Schneider Conext Core XC,SA Heater Control DC Section XC500,0J-0279,Ł500.00,20.0% S,Sales of Product Income,,,,,,,,,,,,,,
Schneider Conext Core XC:Inverter Gasket Strip,Schneider Conext Core XC,Gasket Strip (10 x 3.0mm),0J-850-1787B,Ł40.00,20.0% S,Sales of Product Income,,,,,,,,,,,,,,
Schneider Conext Core XC:K1 Contactor,Schneider Conext Core XC,K1 Contactor,0J-451-1102,Ł150.00,20.0% S,Sales,,,,,,,,,,,,,,
Schneider Conext Core XC:Masterpact Auxiliary Kit,Schneider Conext Core XC,"Masterpact Aux Kit including: motor, UVR coil, UVR time delay, PF switch, relays & relay holders",,"Ł3,325.00",20.0% S,Sales of Product Income,,,,,,,,,,,,,,
Schneider Conext Core XC:Masterpact Mech Changes,Schneider Conext Core XC,Mech change for a single Masterpact Circuit Breaker,,"Ł2,500.00",20.0% S,Services,,,,,,,,,,,,,,
Schneider Conext Core XC:Masterpact Motor,Schneider Conext Core XC,Motor installed in the Schneider Masterpact Switches,,"Ł1,800.00",20.0% S,Sales,,,,,,,,,,,,,,
Schneider Conext Core XC:Masterpact PF Switch,Schneider Conext Core XC,PF Switch installed in the Schneider Masterpact Switches,,Ł300.00,20.0% S,Sales,,,,,,,,,,,,,,
Schneider Conext Core XC:Masterpact Retention Kit,Schneider Conext Core XC,Retaining kit for connections on top of Masterpact switches,,Ł120.00,20.0% S,Sales of Product Income,,,,,,,,,,,,,,
Schneider Conext Core XC:Metal Thermistor Clamps,Schneider Conext Core XC,Metal Thermistor Clamps,,Ł50.00,20.0% S,Sales of Product Income,,,,,,,,,,,,,,
Schneider Conext Core XC:Micrologic 2.0A,Schneider Conext Core XC,Micrologic protection for installation in AC Masterpact circuit breakers,,"Ł1,895.00",20.0% S,Sales of Product Income,,,,,,,,,,,,,,
Schneider Conext Core XC:Micrologic 5.0A,Schneider Conext Core XC,Micrologic protection for installation in AC Masterpact circuit breakers,,"Ł1,000.00",20.0% S,Sales of Product Income,,,,,,,,,,,,,,
Schneider Conext Core XC:Micrologic Battery,Schneider Conext Core XC,Battery for Micrologic protection device,,Ł7.50,20.0% S,Sales of Product Income,,,,,,,,,,,,,,
Schneider Conext Core XC:Micrologic Commissioning,Schneider Conext Core XC,Commissioning & Testing of Micrologic devices,,Ł250.00,20.0% S,Services,,,,,,,,,,,,,,
Schneider Conext Core XC:Power Stage Parts,Schneider Conext Core XC,All parts required for a power stage repair,,"Ł6,000.00",20.0% S,Sales of Product Income,,,,,,,,,,,,,,
Schneider Conext Core XC:Power Stage Repair (per phase),Schneider Conext Core XC,Repair of one phase of the power stage area within the inverter,,"Ł5,000.00",20.0% S,Sales of Product Income,,,,,,,,,,,,,,
Schneider Conext Core XC:Powerstage Rebuild,Schneider Conext Core XC,Schneider XC Inverters full Powerstage rebuild including testing and commissioning,,"Ł6,500.00",20.0% S,Services,,,,,,,,,,,,,,
Schneider Conext Core XC:PVO Board,Schneider Conext Core XC,Programmed PVO Board for Control Block,0J-0P5235,"Ł2,000.00",20.0% S,Sales of Product Income,,,,,,,,,,,,,,
Schneider Conext Core XC:QF2,Schneider Conext Core XC,QF2 Switch,0J-540-0327,Ł200.00,20.0% S,Sales of Product Income,,,,,,,,,,,,,,
Schneider Conext Core XC:QF3,Schneider Conext Core XC,QF3 Switch,0J-540-0326,Ł100.00,20.0% S,Sales of Product Income,,,,,,,,,,,,,,
Schneider Conext Core XC:QF4 Switch,Schneider Conext Core XC,SWITCH MOTOR PROTECTOR GV2-RT16 9-14,0J-540-0328,Ł150.00,20.0% S,Sales of Product Income,,,,,,,,,,,,,,
Schneider Conext Core XC:QF5,Schneider Conext Core XC,QF5 Switch,0J-540-0325,Ł100.00,20.0% S,Sales of Product Income,,,,,,,,,,,,,,
Schneider Conext Core XC:Red Auxiliary Switch,Schneider Conext Core XC,"Schneider Electric Handle, Padlockable for use with GV3L Series",,Ł150.00,20.0% S,Sales of Product Income,,,,,,,,,,,,,,
Schneider Conext Core XC:Relay,Schneider Conext Core XC,Single relay installed within the AC and DC sections,0J-450-0176-Z,Ł50.00,20.0% S,Sales,,,,,,,,,,,,,,
Schneider Conext Core XC:Relay Holder,Schneider Conext Core XC,Single relay holder installed within the AC and DC sections of the inverter,0J-450-0177-Z,Ł100.00,20.0% S,Sales,,,,,,,,,,,,,,
Schneider Conext Core XC:Schneider IGBT,Schneider Conext Core XC,Single IGBT for Schneider XC Inverters,,Ł500.00,20.0% S,Sales of Product Income,,,,,,,,,,,,,,
Schneider Conext Core XC:Schneider Masterpact Refurbishment - FAIL,Schneider Conext Core XC,Full refurbishment of a Masterpact with a FAILED result,,Ł500.00,20.0% S,Services,,,,,,,,,,,,,,
Schneider Conext Core XC:Schneider Masterpact Refurbishment - PASS,Schneider Conext Core XC,Full refurbishment of a Masterpact with a successful result,,"Ł1,500.00",20.0% S,Services,,,,,,,,,,,,,,
Schneider Conext Core XC:Schneider XC Discharge Resistors,Schneider Conext Core XC,Discharge resistors for the AIC stage of the Schneider XC,,Ł500.00,20.0% S,Sales of Product Income,,,,,,,,,,,,,,
Schneider Conext Core XC:Spare Parts,Schneider Conext Core XC,Payment for inverter spare parts,,"Ł52,620.00",20.0% S,Sales of Product Income,,,,,,,,,,,,,,
Schneider Conext Core XC:Spare Parts Upfront Payment,Schneider Conext Core XC,Upfront payment for a bespoke spare parts order,,"Ł17,540.00",20.0% S,Sales of Product Income,,,,,,,,,,,,,,
Schneider Conext Core XC:TC1 Transformer,Schneider Conext Core XC,TC1 Transformer,0J-432-0096,"Ł3,500.00",20.0% S,Sales,,,,,,,,,,,,,,
Schneider Conext Core XC:TC2 Transformer,Schneider Conext Core XC,TC2 Transformer,0J-430-0762,Ł800.00,20.0% S,Sales,,,,,,,,,,,,,,
Schneider Conext Core XC:TC3 Transformer,Schneider Conext Core XC,TC3 Transformer,0J-430-0759,"Ł1,700.00",20.0% S,Sales,,,,,,,,,,,,,,
Schneider Conext Core XC:Terminal Board,Schneider Conext Core XC,Terminal Board - Power Stage Area,0J-950-9387A,Ł650.00,20.0% S,Sales,,,,,,,,,,,,,,
Schneider Conext Core XC:Thermoclicks,Schneider Conext Core XC,Thermaclix fitted onto resistors behind AC Board,0J-541-0130,Ł50.00,20.0% S,Sales of Product Income,,,,,,,,,,,,,,
Schneider Conext Core XC:UVR Time Delay,Schneider Conext Core XC,UVR 48V Time Delay,0J-530-2165,Ł400.00,20.0% S,Sales,,,,,,,,,,,,,,
Schneider Conext Core XC:VSE Board,Schneider Conext Core XC,VSE Board,0J-0P5236,"Ł1,500.00",20.0% S,Sales,,,,,,,,,,,,,,
Schneider Conext Core XC:XC 10-year Annual Maintenance,Schneider Conext Core XC,10-year Inverter Maintenance,,"Ł6,920.00",20.0% S,Services,,,,,,,,,,,,,,
Schneider Conext Core XC:XC AC Board Terminations,Schneider Conext Core XC,Terminal clamp for precharge circuit,,Ł100.00,20.0% S,Sales of Product Income,,,,,,,,,,,,,,
Schneider Conext Core XC:XC Gate Driver Board,Schneider Conext Core XC,Gate Driver Board AIC 15P,0J-3D657473G005,"Ł2,500.00",20.0% S,Sales of Product Income,,,,,,,,,,,,,,
Schneider Conext Core XC:XC Measurement Board,Schneider Conext Core XC,Measurement Board in Power Stage Area,0J-3D657476G006,"Ł2,000.00",20.0% S,Sales of Product Income,,,,,,,,,,,,,,
Schneider Conext Core XC:XC Power Board,Schneider Conext Core XC,Power Board in power stage area,0J-3D657479G001,"Ł2,000.00",20.0% S,Sales of Product Income,,,,,,,,,,,,,,
Schneider Conext Core XC:XC Precharge Circuit Testing,Schneider Conext Core XC,Testing of the XC Precharge Circuit,,"Ł6,000.00",20.0% S,Services,,,,,,,,,,,,,,
Schneider Conext Core XC:XC Precharge Kit,Schneider Conext Core XC,"6 x Precharge Resistors, Thermoclicks + Terminations, 1 x K1 Contactor, 1 x QF2",,"Ł1,950.00",20.0% S,Sales of Product Income,,,,,,,,,,,,,,
Schneider Conext Core XC:XC Resistor Clamp Terminals,Schneider Conext Core XC,Clamp terminal for the resistors,,Ł10.00,20.0% S,Sales of Product Income,,,,,,,,,,,,,,
Schneider Conext Core XC:XC Thermoclicks Clamp Terminals,Schneider Conext Core XC,Terminal clamp for thermaclix wiring,,Ł7.50,20.0% S,Sales of Product Income,,,,,,,,,,,,,,
Schneider Conext Core XC:XC Thermoclicks Terminal Plate,Schneider Conext Core XC,Set of clamp terminals for thermaclix wiring,,Ł50.00,20.0% S,Sales of Product Income,,,,,Cost of sales,50,,Stock Asset,06/01/2026,,,,,
Schneider GT Series:48V Power Supply,Schneider Xantrex GT,48V Power Supply for Schneider GT Series inverters,,Ł80.00,20.0% S,Sales of Product Income,,,,,,,,,,,,,,
Schneider GT Series:A3 Measuring Board,Schneider Xantrex GT,Schneider GT Measuring Board,A3,"Ł2,200.00",20.0% S,Sales of Product Income,,,,,,,,,,,,,,
Schneider GT Series:A4 Examination Board,Schneider Xantrex GT,A4 Examination Board,,Ł12.95,20.0% S,Sales of Product Income,,,,,,,,,,,,,,
Schneider GT Series:B1 Hygrostat,Schneider Xantrex GT,Hygrostat for B1 position,,Ł160.00,20.0% S,Sales of Product Income,,,,,,,,,,,,,,
Schneider GT Series:CT Wiring Loom,Schneider Xantrex GT,Schneider GT CT Wiring Loom,,Ł450.00,20.0% S,Sales,,,,,,,,,,,,,,
Schneider GT Series:Distributor (A5),Schneider Xantrex GT,LOHER (A5),,"Ł5,700.00",20.0% S,Sales of Product Income,,,,,Cost of sales,-1,,Stock Asset,06/01/2026,,,,,
Schneider GT Series:GT 24V Power Supply,Schneider Xantrex GT,24V Power Supply,,Ł250.00,20.0% S,Sales of Product Income,,,,,,,,,,,,,,
Schneider GT Series:GT AC Contactor,Schneider Xantrex GT,AC Contactor for Schneider GT Series,,"Ł12,695.00",20.0% S,Sales of Product Income,,,,,,,,,,,,,,
Schneider GT Series:GT CCU Board,Schneider Xantrex GT,CCU Board for Schneider GT Inverters,0J-0P-3994-01-01,"Ł7,500.00",20.0% S,Sales of Product Income,,,,,,,,,,,,,,
Schneider GT Series:GT Centrifrugal Fan,Schneider Xantrex GT,Fan Centrifugal 230VAC 133mm 175W 420m3/h Ball IP44,D2E133-CI33-22 | EBM-PAPST,Ł375.00,20.0% S,Sales of Product Income,,,,,,,,,,,,,,
Schneider GT Series:GT Display,Schneider Xantrex GT,GT Series Display,,"Ł1,500.00",20.0% S,Sales of Product Income,,,,,,,,,,,,,,
Schneider GT Series:GT IGBTs,Schneider Xantrex GT,GT Series IGBTs,,Ł500.00,20.0% S,Sales of Product Income,,,,,,,,,,,,,,
Schneider GT Series:GT Matrix Cleanse,Schneider Xantrex GT,Schneider GT Matrix Cleanse,,"Ł4,295.00",20.0% S,Services,,,,,,,,,,,,,,
Schneider GT Series:GT Series Ceiling Fan,Schneider Xantrex GT,"Fan Axial 225x80mm 230VAC 1029,6m3/h Ball",W2E200-HK38-01 | EBM-PAPST,Ł225.00,20.0% S,Sales of Product Income,,,,,,,,,,,,,,
Schneider GT Series:K60 Relay,Schneider Xantrex GT,K60 relay for installation within the GT inverters.,,Ł350.00,20.0% S,Sales of Product Income,,,,,,,,,,,,,,
Schneider GT Series:Schneider GT AC CT,Schneider Xantrex GT,Individual CT for the AC cables,,"Ł1,500.00",20.0% S,Sales of Product Income,,,,,,,,,,,,,,
Schneider GT Series:Schneider GT Matrix Service Kit,Schneider Xantrex GT,Single Mains Phase kit for Schneider GT Matrix,0J-901-7350,"Ł17,995.00",20.0% S,Sales of Product Income,,,,,,,,,,,,,,
Schneider GT Series:Schneider GT Patch Cable,Schneider Xantrex GT,F/O Patch Cable,,Ł400.00,20.0% S,Sales of Product Income,,,,,,,,,,,,,,
Schneider XC Cortex Bus Bar,Schneider Conext Core XC,Schneider XC Cortex Bus Bar in the powerstage area,,"Ł1,900.00",20.0% S,Sales of Product Income,,,,,Cost of sales,10,,Stock Asset,06/01/2026,,,,,
Schneider XC Training Programme R2025,Training,Training on the Schneider XC Inverter for one person R25,,"Ł2,000.00",20.0% S,Services,,,,,,,,,,,,,,
Service:10-Year Masterpact Preventative Maintenance,Circuit Breakers,Preventative Maintenance for DC/AC Masterpacts,,Ł300.00,20.0% S,Services,,,,,,,,,,,,,,
Service:AC Schneider Masterpact Refurbishment with mech replacement,Circuit Breakers,,,"Ł3,500.00",20.0% S,Services,,,,,,,,,,,,,,
Service:Annual Subscription,Miscellaneous,Annual Subscription for Harmonics,,"Ł1,500.00",20.0% S,Services,,,,,,,,,,,,,,
Service:Component Condition Report,Schneider Conext Core XC,Component Condition Report - Assess the condition of the 10 year components not being replaced in the Schneider recommended 10-Year maintenance schedule,,Ł50.00,20.0% S,Services,,,,,,,,,,,,,,
Service:DC Schneider Masterpact mech replacement/refurbishment,Circuit Breakers,,,"Ł4,000.00",20.0% S,Services,,,,,,,,,,,,,,
Service:Floating to Negative earthing works,Miscellaneous,Floating to Negative earthing works,,"Ł6,000.00",20.0% S,Services,,,,,,,,,,,,,,
Service:LV Switchboard Maintenance,Electrical,This quote is for full LV Switchboard maintenance of T1A T3A and T4. The boards will be deep cleaned along with exterior all ACBs/MCCBs PFCs will be maintained and tested along with test sheets to prove and all main connections checked along with end to end Ductor test on main Bus Bars.,,"Ł4,995.00",20.0% S,Services,,,,,,,,,,,,,,
Service:Power Stage Cleanse,Schneider Conext Core XC,"Remove, clean, re-paste and re-fit IGBTs To manufacturer specification 
Cleanse Power Stage
Cleanse Capacitor Bank
Install Silica Packs",,"Ł3,295.00",20.0% S,Services,,,,,,,,,,,,,,
Service:Project Management,Miscellaneous,Project Management,,"Ł2,000.00",20.0% S,Services,,,,,,,,,,,,,,
Service:Site Visit - 2-Engineers Required PM,Site Visit,Site Attendance Preventative Maintenance two Engineers,,"Ł1,500.00",20.0% S,Services,,,,,,,,,,,,,,
Service:Site Visit - R25 4H,Site Visit,Site Visit Rate - 2025 +4H,,"Ł1,350.00",20.0% S,Services,,,,,,,,,,,,,,
Service:Site Visit 25R One Engineer,Site Visit,Site Visit Rate Charge Single Engineer,SVR251E,Ł950.00,20.0% S,Services,,,,,,,,,,,,,,
Service:Site Visit Actrees,Site Visit,Site Visit Rate Charge Single Engineer,,Ł950.00,20.0% S,Services,,,,,,,,,,,,,,
Service:Site Visit Ardleigh,Site Visit,Site Visit Rate Charge Single Engineer,,Ł950.00,20.0% S,Services,,,,,,,,,,,,,,
Service:Site Visit Cooper House,Site Visit,Site Visit Rate Charge Single Engineer,,"Ł1,200.00",20.0% S,Services,,,,,,,,,,,,,,
Service:Site Visit Court Colman,Site Visit,Site Visit Rate Charge Single Engineer,,"Ł1,200.00",20.0% S,Services,,,,,,,,,,,,,,
Service:Site Visit Crundale,Site Visit,Site Visit Rate Charge Single Engineer,,"Ł1,200.00",20.0% S,Services,,,,,,,,,,,,,,
Service:Site Visit Drakelow,Site Visit,Site Visit Rate Charge Single Engineer,,Ł950.00,20.0% S,Services,,,,,,,,,,,,,,
Service:Site Visit Goddards Green,Site Visit,Site Visit Rate Charge Single Engineer,,Ł950.00,20.0% S,Services,,,,,,,,,,,,,,
Service:Site Visit Luscott Barton,Site Visit,Site Visit Rate Charge Single Engineer,,"Ł1,200.00",20.0% S,Services,,,,,,,,,,,,,,
Service:Site Visit Marshborough,Site Visit,Site Visit Rate Charge Single Engineer,,Ł950.00,20.0% S,Services,,,,,,,,,,,,,,
Service:Site Visit Newby West,Site Visit,Site Visit Rate Charge Single Engineer,,"Ł1,200.00",20.0% S,Services,,,,,,,,,,,,,,
Service:Site Visit Wambrook,Site Visit,Site Visit Rate Charge Single Engineer,,"Ł1,200.00",20.0% S,Services,,,,,,,,,,,,,,
Service:Site Visit West Woodlands,Site Visit,Site Visit Rate Charge Single Engineer,,Ł950.00,20.0% S,Services,,,,,,,,,,,,,,
Service:SLA,Miscellaneous,72 Hour SLA - Annual Preventative Maintenance,,,20.0% S,Services,,,,,,,,,,,,,,
Service:SMA Central Inverter Training,Training,SMA Central Inverter Training,,"Ł1,500.00",20.0% S,Services,,,,,,,,,,,,,,
Service:SMA Stack Cube Cleanse PM,SMA SC-xxxCP-10,"Removal of Stack Cube and IGBTs, Test - Re-paste - Rebuild and Test",,"Ł2,525.00",20.0% S,Services,,,,,,,,,,,,,,
Service:Workshop Repair,ABB PVS800,ABB/Fimer Ultra 390kW inverter modules,,,20.0% S,Services,,,,,,,,,,,,,,
shunt closing release 220-240V AC/DC,SMA SC-xxxx,shunt closing release 220-240V AC/DC,116543-00.01,Ł227.97,20.0% S,Services,,,,,,,,,,,,,,
shunt release 220-240VAC/DC,SMA SC-xxxx,shunt release 220-240VAC/DC,60-201000,Ł116.74,20.0% S,Services,,,,,,,,,,,,,,
Site Visits:Accommodation,Site Visit,Charges for hotel & subsistence,,Ł150.00,20.0% S,Services,,,,,,,,,,,,,,
Site Visits:Communication Engineer,Site Visit,"Communication Engineer, Troubleshot and Rectify",,"Ł1,100.00",20.0% S,Services,,,,,,,,,,,,,,
Site Visits:Discount,Site Visit,Discount for services,,-Ł300.00,20.0% S,Services,,,,,,,,,,,,,,
Site Visits:Expert Services,Site Visit,Specialist assistance from an expert,,Ł200.00,20.0% S,Services,,,,,,,,,,,,,,
Site Visits:Extra day labour,Site Visit,Extra labour needed to complete works,,Ł450.00,20.0% S,Services,,,,,,,,,,,,,,
Site Visits:Extra Labour,Site Visit,Installation Labour,,Ł50.00,20.0% S,Services,,,,,,,,,,,,,,
Site Visits:HV Site Visit,Site Visit,HV Engineer Site Visit Including Oil,,"Ł1,082.52",20.0% S,Services,,,,,,,,,,,,,,
Site Visits:Mileage,Site Visit,Price per mile per vehicle,,Ł0.50,20.0% S,Services,,,,,,,,,,,,,,
Site Visits:Remote assistance to an inverter,Site Visit,Remote assistance to an inverter issue with potential of resolving problem.,,Ł300.00,20.0% S,Services,,,,,,,,,,,,,,
Site Visits:SAP Services,Site Visit,SAP Services to isolate and provide PTW,,"Ł1,732.50",20.0% S,Services,,,,,,,,,,,,,,
Site Visits:Service and fault log downloads,Site Visit,Service and fault log downloads,Service and fault log downloads,"Ł3,000.00",20.0% S,Services,,,,,,,,,,,,,,
Site Visits:Site Visit,Site Visit,,,,,,Site Visit,1345,20.0% S,no,Purchases-1,,,,,,,,,
Site Visits:Site Visit - 2-Engineers Required,Site Visit,Site Visit Charges,,"Ł1,200.00",20.0% S,Services,,,,,,,,,,,,,,
Site Visits:Site Visit - BESS,Site Visit,Site Visit for BESS Sites (2 engineers),,"Ł1,500.00",20.0% S,Services,,,,,,,,,,,,,,
Site Visits:Site Visit - Lightsource,Site Visit,Site Visit costs,,Ł800.00,20.0% S,Services,,,,,,,,,,,,,,
Site Visits:Site Visit - Lightsource Special,Site Visit,Site Visit for Quotation Purposes,,Ł650.00,20.0% S,Services,,,,,,,,,,,,,,
Site Visits:Site Visit - Rate 1,Site Visit,Site Visit Charges,,Ł800.00,20.0% S,Services,,,,,,,,,,,,,,
Site Visits:Site Visit - Rate 2,Site Visit,Site Visit Charges,,Ł850.00,20.0% S,Services,,,,,,,,,,,,,,
Site Visits:SLA - Anesco,Site Visit,Monthly SLA Agreement,,"Ł4,000.00",20.0% S,Services,,,,,,,,,,,,,,
Site Visits:SMA Site Visit,Site Visit,SMA Site Visit,,"Ł2,049.85",20.0% S,Services,,,,,,,,,,,,,,
Site Visits:Subsistence,Site Visit,Subsistence for an entire site visit,,Ł50.00,20.0% S,Sales,,,,,,,,,,,,,,
Site Visits:Travel Costs,Site Visit,Complete costs of travel for a site visit (bespoke visits),,"Ł1,500.00",20.0% S,Services,,,,,,,,,,,,,,
Site Visits:Visit - Power Stage Repair,Site Visit,Specialist services for power stage repairs,,"Ł1,000.00",20.0% S,Services,,,,,,,,,,,,,,
Site Visits:Welfare Hire,Site Visit,Welfare Hire for duration of project,,"Ł2,000.00",20.0% S,Services,,,,,,,,,,,,,,
SMA SC-xxxCP-10:3-phase Capacitor,SMA SC-xxxCP-10,Three phase capacitor 100µF/750VAC/80A ±5% MKP,02-911005,Ł300.00,20.0% S,Sales of Product Income,,,,,,,,,,,,,,
SMA SC-xxxCP-10:3-Phase Fan,SMA SC-xxxCP-10,3-Phase Fan for the stack area,46-50705,"Ł2,595.00",20.0% S,Sales of Product Income,,,,,,,,,,,,,,
SMA SC-xxxCP-10:3-Phase Fan (2nd hand),SMA SC-xxxCP-10,3-Phase Fan for the stack area,,"Ł2,500.00",20.0% S,Sales of Product Income,,,,,,,,,,,,,,
SMA SC-xxxCP-10:ABB 24V EMax UVR Coil,SMA SC-xxxCP-10,24V UVR Coil for installation in ABB DC EMax Switches,,Ł500.00,20.0% S,Sales of Product Income,,,,,,,,,,,,,,
SMA SC-xxxCP-10:ABB AC Switch T7S,SMA SC-xxxCP-10,"ABB AC Switch for SMA CP Inverters (T7S, 1600 A, 3-pole)",,"Ł3,995.00",20.0% S,Sales of Product Income,,,,,,,,,,,,,,
SMA SC-xxxCP-10:ABB DC Switch 24V UVR Coil,SMA SC-xxxCP-10,Undervoltage release UVR 230V AC/DC,60-90455,Ł250.00,20.0% S,Sales of Product Income,,,,,,,,,,,,,,
SMA SC-xxxCP-10:ABB DC Switch Closing Release Coil 230V,SMA SC-xxxCP-10,Closing release 220V...240VAC/DC,60-90452,Ł250.00,20.0% S,Sales of Product Income,,,,,,,,,,,,,,
SMA SC-xxxCP-10:ABB DC Switch Repair Pack,SMA SC-xxxCP-10,Internal components for ABB DC Switch,,"Ł2,700.00",20.0% S,Services,,,,,,,,,,,,,,
SMA SC-xxxCP-10:ABB SACE DC Switch Motor,SMA SC-xxxCP-10,Switch motor (230V) for ABB SACE Switches,,"Ł1,800.00",20.0% S,Sales of Product Income,,,,,,,,,,,,,,
SMA SC-xxxCP-10:AC Contactor,SMA SC-xxxCP-10,Contactor 3-pole 1000V 1050A,60-000390,"Ł4,295.00",20.0% S,Sales of Product Income,,,,,,,,,,,,,,
SMA SC-xxxCP-10:AC Contactor Capacitor PCB,SMA SC-xxxCP-10,Contactor PCB for contactor AF1650,,Ł750.00,20.0% S,Sales of Product Income,,,,,,,,,,,,,,
SMA SC-xxxCP-10:AC Contactor Inductor PCB,SMA SC-xxxCP-10,Inductor PCB for contactor AF1650,,Ł750.00,20.0% S,Sales of Product Income,,,,,,,,,,,,,,
SMA SC-xxxCP-10:AC Contactor Main PCB,SMA SC-xxxCP-10,PCB Multi Pac for contactor AF1650 new circuit board multi pac,114322-00.01,"Ł1,000.00",20.0% S,Sales of Product Income,,,,,,,,,,,,,,
SMA SC-xxxCP-10:AC CT (LEM),SMA SC-xxxCP-10,Current transformer 1500A ±15V,04-0215004,Ł150.00,20.0% S,Sales of Product Income,,,,,,,,,,,,,,
SMA SC-xxxCP-10:Bender IRDH275B-49335,SMA SC-xxxCP-10,"Bender IRDH275B-49335
3(N)AC0-793V/DC0-650V",,"Ł2,550.00",,Sales of Product Income,,,,,,,,,,,,,,
SMA SC-xxxCP-10:Bender isoPV1685-425,SMA SC-xxxCP-10,Bender isolation monitoring device,30-102700.01,"Ł3,600.00",20.0% S,Sales of Product Income,,,,,,,,,,,,,,
SMA SC-xxxCP-10:Buffer Module - CP,SMA SC-xxxCP-10,DC-buffer module 22.6VDC 10A 1kJ,30-90383,Ł795.00,20.0% S,Sales of Product Income,,,,,,,,,,,,,,
SMA SC-xxxCP-10:Buffer Module - CP - repair,SMA SC-xxxCP-10,Buffer Module repair,,Ł375.00,20.0% S,Sales of Product Income,,,,,,,,,,,,,,
SMA SC-xxxCP-10:CP 10-year Maintenance,SMA SC-xxxCP-10,SMA SC-xxxCP-10 10-year Maintenance,,Ł350.00,20.0% S,Services,,,,,,,,,,,,,,
SMA SC-xxxCP-10:CP Filter Choke,SMA SC-xxxCP-10,107µFx3 1300A filter choke,,"Ł6,500.00",20.0% S,Sales of Product Income,,,,,,,,,,,,,,
SMA SC-xxxCP-10:CP Ventilation Plate,SMA SC-xxxCP-10,Power Cabinet filter frame cpl. C1,65-05000938,"Ł1,500.00",20.0% S,Sales of Product Income,,,,,,,,,,,,,,
SMA SC-xxxCP-10:DC Switch,SMA SC-xxxCP-10,Switch disconnector Tmax T7D 1600A 4pole,60-9045,"Ł5,795.00",20.0% S,Sales of Product Income,,,,,,,,,,,,,,
SMA SC-xxxCP-10:Display (MOStron),SMA SC-xxxCP-10,"LCD-TFT Display 5,7"" 640x480",16-101000.01,"Ł1,200.00",20.0% S,Sales of Product Income,,,,,,,,,,,,,,
SMA SC-xxxCP-10:Display (new version),SMA SC-xxxCP-10,"LCD-TFT Display 5,7"" 640x480",3F0-419-001-001,"Ł2,600.00",20.0% S,Sales of Product Income,,,,,,,,,,,,,,
SMA SC-xxxCP-10:Display (old version with lid),SMA SC-xxxCP-10,LCD TFT Display with touch function,16-1541,"Ł3,200.00",20.0% S,Sales of Product Income,,,,,,,,,,,,,,
SMA SC-xxxCP-10:Freight/Insurance,SMA SC-xxxCP-10,,Freight/Insurance,,,,Freight/Insurance,152,,,Purchases-1,,,,,,,,,
SMA SC-xxxCP-10:Hummels F/O Cable,SMA SC-xxxCP-10,F/O cable for Hummels Stacks,,Ł395.00,20.0% S,Sales of Product Income,,,,,,,,,,,,,,
SMA SC-xxxCP-10:Insulation Monitoring Device,SMA SC-xxxCP-10,isoPV1685-425,6UP-849-002-001,"Ł2,995.00",20.0% S,Sales of Product Income,,"1,004.93",20.0% S,no,Purchases-1,,,,,,,,,
SMA SC-xxxCP-10:LVDS Cable (between SC-COM and display),SMA SC-xxxCP-10,LVDS-cable 1400mm,16-13134,Ł300.00,20.0% S,Sales of Product Income,,,,,,,,,,,,,,
SMA SC-xxxCP-10:LVDS Cable (between SC-COM and display) - URGENT PRICE,SMA SC-xxxCP-10,LVDS-cable 1400mm,16-13134,Ł415.00,20.0% S,Sales of Product Income,,,,,,,,,,,,,,
SMA SC-xxxCP-10:MVPS Station Leg,SMA SC-xxxCP-10,SMA MVPS Station Leg,,Ł400.00,20.0% S,Sales of Product Income,,,,,,,,,,,,,,
SMA SC-xxxCP-10:NTC Temperature Sensor,SMA SC-xxxCP-10,NTC 2K00 1% 60mW temperature sensor,09-02050,Ł10.00,20.0% S,Sales of Product Income,,,,,,,,,,,,,,
SMA SC-xxxCP-10:NTC Temperature Sensor in Bushing,SMA SC-xxxCP-10,Temperature sensor NTC 2K00 in bushing,09-02051,Ł100.00,20.0% S,Sales of Product Income,,,,,,,,,,,,,,
SMA SC-xxxCP-10:Parts for IMD Installation,SMA SC-xxxCP-10,All parts required for installation of Bender IMD and Remote GFDI.,Bender IMD SMA Installation,"Ł1,460.00",20.0% S,Sales of Product Income,,,,,,,,,,,,,,
SMA SC-xxxCP-10:Power Supply (Quint),SMA SC-xxxCP-10,Power unit 24VDC 10A (Quint Power Supply),31-9211,Ł150.00,20.0% S,Sales of Product Income,,,,,,,,,,,,,,
SMA SC-xxxCP-10:Power Supply (Wieland),SMA SC-xxxCP-10,Power unit 24VDC 10A (Wieland Power Supply),30-017446,Ł150.00,20.0% S,Sales of Product Income,,,,,,,,,,,,,,
SMA SC-xxxCP-10:Radial Fan (Cabinet 3),SMA SC-xxxCP-10,Fan Radial 230VAC 27W 165x165x72mm,46-5185201,Ł775.00,20.0% S,Services,,,,,,,,,,,,,,
"SMA SC-xxxCP-10:Radial Fan Cabinets 1, 2",SMA SC-xxxCP-10,Radial fan K3G175-CF19-XA with cables,105588-00.01,Ł650.00,20.0% S,Sales of Product Income,,,,,,,,,,,,,,
SMA SC-xxxCP-10:SC String Monitor Controller,SMA SC-xxxCP-10,Sunny Central String Monitor Controller,SCSMC-20.GR1,Ł500.00,20.0% S,Sales of Product Income,,,,,,,,,,,,,,
SMA SC-xxxCP-10:SC-COM Battery,SMA SC-xxxCP-10,SC-COM Battery,,Ł15.00,20.0% S,Sales of Product Income,,,,,,,,,,,,,,
SMA SC-xxxCP-10:SC-COM GR5,SMA SC-xxxCP-10,SCCOMGR5 Version C2 communication unit for SC (with LWL),SCCOMGR5-00.01,"Ł3,000.00",20.0% S,Sales of Product Income,,,,,,,,,,,,,,
SMA SC-xxxCP-10:SC-COM GR6,SMA SC-xxxCP-10,SCCOMGR6 Version C2 communication unit for SC (without LWL),SCCOMGR6-00.01,"Ł3,000.00",20.0% S,Sales of Product Income,,,,,,,,,,,,,,
SMA SC-xxxCP-10:SC-COM-SERVICECARD,SMA SC-xxxCP-10,Servicecard for SC-COM,SC-COM-SERVICECARD,Ł200.00,20.0% S,Sales of Product Income,,,,,,,,,,,,,,
SMA SC-xxxCP-10:SC-CU1015.3B-R,SMA SC-xxxCP-10,Hummels Stack Cube,SC-CU1015.3B-R,"Ł7,995.00",,Sales of Product Income,SC-CU1015.3B-R,5974,,,Purchases-1,,,,,,,,,
SMA SC-xxxCP-10:SC20CAIO,SMA SC-xxxCP-10,IO expansion for SC20CONT,SC20CAIOGR3-00.01,"Ł1,000.00",20.0% S,Sales of Product Income,,,,,,,,,,,,,,
SMA SC-xxxCP-10:SC20CAIO Connector Plug,SMA SC-xxxCP-10,Connector plug for SC20CAIO,,Ł50.00,20.0% S,Sales of Product Income,,,,,,,,,,,,,,
SMA SC-xxxCP-10:SC20CONT,SMA SC-xxxCP-10,SC20CONT.GR-H3 Version H2 Adapter module for Sunny Central Requirements Specification: D_00092621 Rev.04,SC20CONTGRH3-00.01,"Ł2,500.00",20.0% S,Sales of Product Income,,,,,,,,,,,,,,
SMA SC-xxxCP-10:SCAST1015GR4-00.02,SMA SC-xxxCP-10,Interface assembly for SCDSTM1015,,Ł850.00,20.0% S,Sales of Product Income,,,,,Cost of sales,,,,,,,,,
SMA SC-xxxCP-10:SCDSTM Board,SMA SC-xxxCP-10,DSTM Board for CP Inverters,,"Ł1,195.00",20.0% S,Sales of Product Income,,,,,,,,,,,,,,
SMA SC-xxxCP-10:SCDSTM1015BG-00.02,SMA SC-xxxCP-10,SCDSTM1015BG version B3 controlling assembly for SCDST1015,,"Ł1,100.00",20.0% S,Sales of Product Income,,,,,,,,,,,,,,
SMA SC-xxxCP-10:Semikron IGBT,SMA SC-xxxCP-10,IGBT Supply,,Ł340.00,20.0% S,Sales of Product Income,,,,,Cost of sales,250,,Stock Asset,06/01/2026,,,,,
SMA SC-xxxCP-10:SMA Hummels CT,SMA SC-xxxCP-10,Single Hummels Stack CT,,Ł100.00,20.0% S,Sales of Product Income,,,,,,,,,,,,,,
SMA SC-xxxCP-10:SMA Hummels Stack Cube,SMA SC-xxxCP-10,Cube Powerstack SC-CU1015.3B with splitted AC busbar,SC-CU1015.3B,"Ł7,995.00",20.0% S,Sales of Product Income,,,,,,,,,,,,,,
SMA SC-xxxCP-10:SMA Semikron Stack Cube,SMA SC-xxxCP-10,1200V IGBT-module stack trench3 size 3H UL,64-114830,"Ł7,000.00",20.0% S,Sales of Product Income,,,,,,,,,,,,,,
SMA SC-xxxCP-10:SMA Semikron Stack Cube - refurbished,SMA SC-xxxCP-10,1200V IGBT-module stack trench3 size 3H UL,64-114830,"Ł3,500.00",20.0% S,Sales of Product Income,,,,,,,,,,,,,,
SMA SC-xxxCP-10:SMU Board,SMA SC-xxxCP-10,String-Monitor-Unit for SC-WR m. PV1100V,SMU8HV21.BG1,"Ł1,395.00",20.0% S,Sales of Product Income,,,,,,,,,,,,,,
SMA SC-xxxCP-10:SMU Hub,SMA SC-xxxCP-10,Power supply and RS485 repeater for SMU8,SMU8-HUB,Ł500.00,20.0% S,Sales of Product Income,,,,,,,,,,,,,,
SMA SC-xxxCP-10:SMU8HV21 Connector Plug,SMA SC-xxxCP-10,Connector Plug for SMU8HV21,,Ł75.00,20.0% S,Sales of Product Income,,,,,,,,,,,,,,
SMA SC-xxxCP-10:Strikesorb RAYCAP,SMA SC-xxxCP-10,Raycap for SMA CP inverters,,Ł75.00,20.0% S,Sales of Product Income,,,,,,,,,,,,,,
SMA SC-xxxCP-10:Susol AC Switch,SMA SC-xxxCP-10,Susol AC Switch for SMA CP inverters,,"Ł6,650.00",,Sales of Product Income,,,,,,,,,,,,,,
SMA SC-xxxCP-10:System cable M12 - RJ45 1.3m,SMA SC-xxxCP-10,System cable M12 - RJ45 1.3m,,Ł150.00,20.0% S,Sales of Product Income,,,,,,,,,,,,,,
SMA SC-xxxCP-10:Voltage divider unit (AC),SMA SC-xxxCP-10,Voltage divider unit (AC),SC20ACBGE2-00.01,Ł250.00,20.0% S,Sales of Product Income,,,,,,,,,,,,,,
SMA SC-xxxx:ABB SACE T7N-D/PV 1000M DC Switch,SMA SC-xxxx,Kodiak DC Switch (T7N-D/PV 1000M),,"Ł7,000.00",20.0% S,Sales of Product Income,,,,,,,,,,,,,,
SMA SC-xxxx:Auxiliary Contact 2W 24V DC,SMA SC-xxxx,Auxiliary Contact 2W 24V DC,103140-00.01,Ł39.44,,Sales of Product Income,,,,,,,,,,,,,,
SMA SC-xxxx:cabinet fan kit 200-277VAC Option 37_0,SMA SC-xxxx,cabinet fan kit 200-277VAC Option 37_0,6UP-720-002-002,Ł676.17,20.0% S,Services,,,,,,,,,,,,,,
SMA SC-xxxx:closing release 220V...240VAC/DC,SMA SC-xxxx,closing release 220V...240VAC/DC,60-90452,Ł126.57,20.0% S,Sales of Product Income,,,,,,,,,,,,,,
SMA SC-xxxx:DST Board,SMA SC-xxxx,DST Board for Kodiak Stacks,,"Ł2,244.37",20.0% S,Sales of Product Income,,,,,,,,,,,,,,
SMA SC-xxxx:Geared Motor Device 220-250 VAC/DC,SMA SC-xxxx,Geared Motor Device 220-250 VAC/DC,116556-00.01,Ł982.71,20.0% S,Services,,,,,,,,,,,,,,
SMA SC-xxxx:Motor Drive DC Circuit Breaker,SMA SC-xxxx,motor drive DC circuit breaker,103132-00.01,Ł885.83,20.0% S,Services,,,,,,,,,,,,,,
SMA SC-xxxx:POWER STACK SC-UP 1500V IEC/IEEE,SMA SC-xxxx,POWER STACK SC-UP 1500V IEC/IEEE,6UP-778-002-004,"Ł26,697.84",20.0% S,Sales of Product Income,,,,,,,,,,,,,,
SMA SC-xxxx:Q10 Contactor (Eaton),SMA SC-xxxx,Eaton DILM500 XTCE500M,,"Ł5,995.00",20.0% S,Sales of Product Income,,,,,,,,,,,,,,
SMA SC-xxxx:Q12 Contactor (Eaton),SMA SC-xxxx,Q12 Contactor,Q12,Ł495.00,20.0% S,Sales of Product Income,,,,,Purchases-1,,,,,,,,,
SMA SC-xxxx:SC-UP 3phase voltage converter,SMA SC-xxxx,SC-UP 3phase voltage converter,6UP-849-001-001,Ł360.09,20.0% S,Services,,,,,,,,,,,,,,
SMA SC-xxxx:SC-UP buffered power supply 25VDC 420W,SMA SC-xxxx,SC-UP buffered power supply 25VDC 420W,6UP-840-001-001,"Ł1,169.12",20.0% S,Sales of Product Income,,,,,,,,,,,,,,
SMA SC-xxxx:SC-UP Circuit breaker 3600A 3-pol UL,SMA SC-xxxx,SC-UP Circuit breaker 3600A 3-pol UL,6UP-577-002-001,"Ł15,730.26",20.0% S,Sales of Product Income,,,,,,,,,,,,,,
SMA SC-xxxx:SC-UP Circuit breaker 4000A 3-pol,SMA SC-xxxx,SC-UP Circuit breaker 4000A 3-pol,6UP-577-001-001,"Ł13,402.58",,Sales of Product Income,,,,,,,,,,,,,,
SMA SC-xxxx:SC-UP DC-switch 1500VDC1000A,SMA SC-xxxx,SC-UP DC-switch 1500VDC1000A,6UP-577-003-001,"Ł6,613.89",20.0% S,Sales of Product Income,,,,,,,,,,,,,,
SMA SC-xxxx:SC-UP DC-switch 1500VDC1600A,SMA SC-xxxx,SC-UP DC-switch 1500VDC1600A,6UP-577-004-001,"Ł5,375.51",,Sales of Product Income,,,,,,,,,,,,,,
SMA SC-xxxx:SC-UP Fan radial 400VAC 5370W,SMA SC-xxxx,SC-UP Fan radial 400VAC 5370W,6UP-720-003-001,"Ł3,018.60",20.0% S,Sales of Product Income,,,,,,,,,,,,,,
SMA SC-xxxx:SC-UP IsoMonitoring 1500VDC v2.0,SMA SC-xxxx,SC-UP IsoMonitoring 1500VDC v2.0,6UP-849-002-001,"Ł1,348.22",20.0% S,Sales of Product Income,,,,,,,,,,,,,,
SMA SC-xxxx:SC-UP power supply extension module,SMA SC-xxxx,SC-UP power supply extension module,6UP-840-002-001,Ł710.32,20.0% S,Sales of Product Income,,,,,,,,,,,,,,
SMA SC-xxxx:SC30ACC AC Controller,SMA SC-xxxx,SC30ACC AC Controller,6UP-450-005-001,"Ł1,504.32",20.0% S,Sales of Product Income,,,,,,,,,,,,,,
SMA SC-xxxx:SC30ACC.BG4,SMA SC-xxxx,SC30ACC board for Kodiak inverters,,Ł900.00,20.0% S,Services,,,,,,,,,,,,,,
SMA SC-xxxx:SC30COM - Multi Mode FX,SMA SC-xxxx,SC30COM - Multi Mode FX,6UP-450-004-004,"Ł4,494.36",20.0% S,Sales of Product Income,,,,,,,,,,,,,,
SMA SC-xxxx:SC30COM - Single Mode FX,SMA SC-xxxx,SC30COM - Single Mode FX,6UP-450-003-004,"Ł4,628.52",20.0% S,Sales of Product Income,,,,,,,,,,,,,,
SMA SC-xxxx:SC30Cont Central Controllerboard,SMA SC-xxxx,SC30Cont Central Controllerboard,6UP-450-001-001,"Ł1,801.76",20.0% S,Sales of Product Income,,,,,,,,,,,,,,
SMA SC-xxxx:SC30DCC DC Controller,SMA SC-xxxx,SC30DCC DC Controller,6UP-450-006-001,"Ł1,497.02",20.0% S,Services,,,,,,,,,,,,,,
SMA SC-xxxx:SC30RIO - IO extension,SMA SC-xxxx,SC30RIO - IO extension,6UP-450-008-002,"Ł1,031.69",20.0% S,Sales of Product Income,,,,,,,,,,,,,,
SMA SC-xxxx:Sinefiltercapacitormodule 8x31?F,SMA SC-xxxx,Sinefiltercapacitormodule 8x31?F,6UP-200-001-002,"Ł2,119.73",20.0% S,Sales of Product Income,,,,,,,,,,,,,,
SMA SC-xxxx:SSM30BASE,SMA SC-xxxx,SSM30BASE PCB for SMA Combiner Boxes,SSM30BASE,"Ł2,450.00",20.0% S,Sales of Product Income,,,,,,,,,,,,,,
SMA Semikron Cube Refurbishment:Fitting Charge - Semikron Capacitor,SMA SC-xxxCP-10,Charge for fitting stack capacitors,,Ł25.00,20.0% S,Services,,,,,,,,,,,,,,
SMA Semikron Cube Refurbishment:Fitting Charge - Semikron IGBTs,SMA SC-xxxCP-10,Charge for fitting of Semikron Cube IGBTs,,Ł50.00,20.0% S,Services,,,,,,,,,,,,,,
SMA Semikron Cube Refurbishment:Fitting Charge - Semikron Snubbers,SMA SC-xxxCP-10,Charge for fitting the snubbers within the Semikron Stack Cube,,Ł25.00,20.0% S,Services,,,,,,,,,,,,,,
SMA Semikron Cube Refurbishment:Semikron Capacitor,SMA SC-xxxCP-10,Electronicon Capacitor (420µF),,Ł30.00,20.0% S,Sales of Product Income,,,,,,,,,,,,,,
SMA Semikron Cube Refurbishment:Semikron Stack IGBT,SMA SC-xxxCP-10,IGBT for installation in SMA Semikron Stack Cubes,,Ł250.00,20.0% S,Services,,,,,,,,,,,,,,
SMA Semikron Cube Refurbishment:Semikron Stack Repair,SMA SC-xxxCP-10,Repair of 1 No. Semikron Stack Cube,,"Ł1,200.00",20.0% S,Services,,,,,,,,,,,,,,
SMA Semikron Cube Refurbishment:Semikron Stack Snubber,SMA SC-xxxCP-10,Snubber for installation in Semikron Stack Cube,,Ł50.00,20.0% S,Sales of Product Income,,,,,,,,,,,,,,
SMA Semikron Cube Refurbishment:Testing per Cube,SMA SC-xxxCP-10,Cost for the overall testing,,Ł600.00,20.0% S,Services,,,,,,,,,,,,,,
Station repairs:Floor replacement inside inverter stations,Miscellaneous,Floor replacement inside inverter stations,Floor replacement inside inverter stations,"Ł1,500.00",20.0% S,Services,,,,,,,,,,,,,,
Station repairs:Station cleaning/Maintenance,Miscellaneous,Station cleaning/Maintenance,Station cleaning/Maintenance,Ł200.00,20.0% S,Services,,,,,,,,,,,,,,
Testing:Harmonics Testing,Services,One Off Harmonics Testing,,"Ł14,628.00",,Services,,,,,,,,,,,,,,
Testing:Testing of Gamesa IGBTs,Gamesa 630kW TL+,Testing of Gamesa IGBTs,,Ł200.00,20.0% S,Services,,,,,,,,,,,,,,
Testing:Testing of Schneider AIC Stage,Schneider Conext Core XC,Testing of Schneider AIC Stage (all 3 phases),,Ł500.00,20.0% S,Services,,,,,,,,,,,,,,
Testing:Testing of SMA Semikron Stack Cube,SMA SC-xxxCP-10,Testing of SMA Semikron Stack Cube,,Ł600.00,20.0% S,Services,,,,,,,,,,,,,,
Training:Laptop Configured for XC,Schneider Conext Core XC,,,"Ł2,500.00",20.0% S,Sales of Product Income,,,,,,,,,,,,,,
Training:LT Training Academy SMA,Training,LT Training Academy SMA Two day Foundation Module,,"Ł2,000.00",20.0% S,Services,,,,,,,,,,,,,,
Training:LT training Academy XC,Training,LT Training Academy XC Two day Foundation Module,,"Ł2,000.00",20.0% S,Services,,,,,,,,,,,,,,
Training:Schneider XC Annual Maintenance Training,Training,Onsite training for annual preventative maintenance per MW price,XCAPM2025T,,20.0% S,Services,,,,,,,,,,,,,,
Training:Schneider XC Training Programme,Training,Training on the Schneider XC Inverter for one person,,"Ł1,500.00",20.0% S,Sales of Product Income,,,,,,,,,,,,,,
Training:Training Subsistence,Training,Subsistence Includes travel and accommodation for the trainer,,Ł500.00,20.0% S,Services,,,,,,,,,,,,,,
Transformers:6kVA Auxiliary Transformer,Miscellaneous,6kVA Auxiliary Transformer,,"Ł1,375.00",20.0% S,Services,,,,,,,,,,,,,,
undervoltage release 24 VAC/DC,SMA SC-xxxx,undervoltage release 24 VAC/DC,116554-00.01,Ł328.69,20.0% S,Services,,,,,,,,,,,,,,
undervoltage release UVR 24 V AC/DC,SMA SC-xxxx,undervoltage release UVR 24 V AC/DC,60-90455,Ł154.74,20.0% S,Services,,,,,,,,,,,,,,
Voltage Control Board,Schneider Conext Core XC,Voltage Control Board,,"Ł1,600.00",20.0% S,Sales of Product Income,,,,,,,,,,,,,,
Waste Removal,Miscellaneous,Removal of Unrepairable Electrical Equipment,,,20.0% S,Services,,,,,,,,,,,,,,
